time,value,sigma,Threshold,Station
2021-04-30 05:00:00+00:00,2.1769,0.0137,99.9th,8418150
2022-01-02 14:00:00+00:00,2.2724,0.0126,99.9th,8418150
2022-01-02 15:00:00+00:00,2.2792000000000003,0.0112,99.9th,8418150
2022-01-03 16:00:00+00:00,2.2115,0.0138,99.9th,8418150
2022-01-17 15:00:00+00:00,2.3181000000000003,0.0929,99.9th,8418150
2022-01-17 16:00:00+00:00,2.2927,0.0695,99.9th,8418150
2022-05-17 03:00:00+00:00,2.1747,0.0111,99.9th,8418150
2022-05-17 04:00:00+00:00,2.2413,0.009,99.9th,8418150
2022-11-27 18:00:00+00:00,2.1828,0.0076,99.9th,8418150
2022-12-23 14:00:00+00:00,2.4417,0.0782,99.9th,8418150
2022-12-23 15:00:00+00:00,2.6159,0.0736,99.9th,8418150
2022-12-23 16:00:00+00:00,2.4853,0.0733,99.9th,8418150
2023-01-23 16:00:00+00:00,2.2967,0.0144999999999999,99.9th,8418150
2023-01-23 17:00:00+00:00,2.2198,0.0177,99.9th,8418150
2024-01-10 13:00:00+00:00,2.5545,0.0412,99.9th,8418150
2024-01-10 14:00:00+00:00,2.5963000000000003,0.0454,99.9th,8418150
2024-01-10 15:00:00+00:00,2.4075,0.0382,99.9th,8418150
2024-01-13 15:00:00+00:00,2.2396000000000003,0.0351,99.9th,8418150
2024-01-13 16:00:00+00:00,2.7923,0.0665,99.9th,8418150
2024-01-13 17:00:00+00:00,2.8797,0.0802,99.9th,8418150
2024-01-13 18:00:00+00:00,2.4576,0.0586999999999999,99.9th,8418150
2024-02-10 15:00:00+00:00,2.2187,0.0087999999999999,99.9th,8418150
2024-02-10 16:00:00+00:00,2.2249,0.0087,99.9th,8418150
2024-02-11 16:00:00+00:00,2.2229,0.0078,99.9th,8418150
2024-02-11 17:00:00+00:00,2.158,0.0099999999999999,99.9th,8418150
2024-02-13 18:00:00+00:00,2.175,0.019,99.9th,8418150
2024-03-10 14:00:00+00:00,2.3138,0.0289,99.9th,8418150
2024-03-10 15:00:00+00:00,2.5403,0.033,99.9th,8418150
2024-03-10 16:00:00+00:00,2.3672,0.0356,99.9th,8418150
2024-03-11 04:00:00+00:00,2.1805,0.0136,99.9th,8418150
2024-04-10 04:00:00+00:00,2.2252,0.0056,99.9th,8418150
2024-05-09 04:00:00+00:00,2.1685,0.0081,99.9th,8418150
2024-09-20 17:00:00+00:00,2.1654,0.0116999999999999,99.9th,8418150
2022-12-23 15:00:00+00:00,2.6159,0.0736,99.99th,8418150
2024-01-10 14:00:00+00:00,2.5963000000000003,0.0454,99.99th,8418150
2024-01-13 16:00:00+00:00,2.7923,0.0665,99.99th,8418150
2024-01-13 17:00:00+00:00,2.8797,0.0802,99.99th,8418150
2021-04-30 06:00:00+00:00,1.9754,0.0067,99.9th,8419870
2022-01-02 14:00:00+00:00,1.9607,0.0096,99.9th,8419870
2022-01-02 15:00:00+00:00,2.102,0.0068,99.9th,8419870
2022-01-03 16:00:00+00:00,2.0272,0.0056,99.9th,8419870
2022-01-04 17:00:00+00:00,1.9485,0.0082,99.9th,8419870
2022-01-17 15:00:00+00:00,2.101,0.017,99.9th,8419870
2022-01-17 16:00:00+00:00,2.085,0.0184,99.9th,8419870
2022-05-17 04:00:00+00:00,2.0267,0.0054,99.9th,8419870
2022-11-27 18:00:00+00:00,1.9589,0.0073999999999999,99.9th,8419870
2022-12-23 14:00:00+00:00,2.111,0.02,99.9th,8419870
2022-12-23 15:00:00+00:00,2.3949000000000003,0.0149,99.9th,8419870
2022-12-23 16:00:00+00:00,2.3017,0.0170999999999999,99.9th,8419870
2023-01-20 14:00:00+00:00,2.0007,0.0063,99.9th,8419870
2023-01-23 16:00:00+00:00,2.0237000000000003,0.0118,99.9th,8419870
2023-01-23 17:00:00+00:00,2.0867,0.0102,99.9th,8419870
2023-12-18 20:00:00+00:00,1.971,0.012,99.9th,8419870
2024-01-10 13:00:00+00:00,2.0566,0.019,99.9th,8419870
2024-01-10 14:00:00+00:00,2.3573,0.0142999999999999,99.9th,8419870
2024-01-10 15:00:00+00:00,2.2247,0.0144999999999999,99.9th,8419870
2024-01-13 16:00:00+00:00,2.4611,0.0156,99.9th,8419870
2024-01-13 17:00:00+00:00,2.6096,0.0101999999999999,99.9th,8419870
2024-01-13 18:00:00+00:00,2.3716,0.0173,99.9th,8419870
2024-02-10 16:00:00+00:00,2.0352,0.0057,99.9th,8419870
2024-02-11 17:00:00+00:00,1.98,0.0086,99.9th,8419870
2024-02-13 18:00:00+00:00,1.9553,0.0073999999999999,99.9th,8419870
2024-02-13 19:00:00+00:00,1.9555,0.0098,99.9th,8419870
2024-03-10 15:00:00+00:00,2.2161,0.0128,99.9th,8419870
2024-03-10 16:00:00+00:00,2.1726,0.0178,99.9th,8419870
2024-04-04 11:00:00+00:00,2.0092,0.0127,99.9th,8419870
2024-04-04 12:00:00+00:00,2.0587,0.0140999999999999,99.9th,8419870
2024-04-10 04:00:00+00:00,1.985,0.0053,99.9th,8419870
2024-05-09 04:00:00+00:00,1.9666,0.0053,99.9th,8419870
2024-09-20 17:00:00+00:00,1.9683,0.006,99.9th,8419870
2022-12-23 15:00:00+00:00,2.3949000000000003,0.0149,99.99th,8419870
2024-01-13 16:00:00+00:00,2.4611,0.0156,99.99th,8419870
2024-01-13 17:00:00+00:00,2.6096,0.0101999999999999,99.99th,8419870
2024-01-13 18:00:00+00:00,2.3716,0.0173,99.99th,8419870
2021-04-30 06:00:00+00:00,2.2732,0.0102,99.9th,8443970
2022-01-02 14:00:00+00:00,2.2773,0.0112,99.9th,8443970
2022-01-02 15:00:00+00:00,2.3618,0.0052,99.9th,8443970
2022-01-03 16:00:00+00:00,2.2736,0.0099999999999999,99.9th,8443970
2022-01-17 15:00:00+00:00,2.2338,0.0214,99.9th,8443970
2022-01-29 13:00:00+00:00,2.3239,0.0208,99.9th,8443970
2022-05-17 04:00:00+00:00,2.2588,0.0094,99.9th,8443970
2022-11-27 18:00:00+00:00,2.242,0.008,99.9th,8443970
2022-12-23 14:00:00+00:00,2.3213,0.0306999999999999,99.9th,8443970
2022-12-23 15:00:00+00:00,2.6377,0.0209,99.9th,8443970
2022-12-23 16:00:00+00:00,2.3604,0.0219,99.9th,8443970
2023-01-20 14:00:00+00:00,2.2747,0.0129,99.9th,8443970
2023-01-23 16:00:00+00:00,2.3657,0.0159,99.9th,8443970
2023-01-23 17:00:00+00:00,2.4184,0.0161,99.9th,8443970
2024-01-10 14:00:00+00:00,2.4201,0.0164,99.9th,8443970
2024-01-10 15:00:00+00:00,2.5153,0.0215,99.9th,8443970
2024-01-13 16:00:00+00:00,2.6852,0.0189,99.9th,8443970
2024-01-13 17:00:00+00:00,2.774,0.0126,99.9th,8443970
2024-01-13 18:00:00+00:00,2.4579,0.0203,99.9th,8443970
2024-02-10 16:00:00+00:00,2.3184,0.0113999999999999,99.9th,8443970
2024-02-11 16:00:00+00:00,2.2375,0.0099,99.9th,8443970
2024-02-11 17:00:00+00:00,2.2489,0.0095,99.9th,8443970
2024-02-13 18:00:00+00:00,2.403,0.0189,99.9th,8443970
2024-02-13 19:00:00+00:00,2.2857,0.0204,99.9th,8443970
2024-03-10 15:00:00+00:00,2.4652000000000003,0.0116,99.9th,8443970
2024-03-10 16:00:00+00:00,2.3599,0.0162,99.9th,8443970
2024-04-04 11:00:00+00:00,2.3291,0.0335,99.9th,8443970
2024-04-04 12:00:00+00:00,2.4234,0.0346,99.9th,8443970
2024-04-10 04:00:00+00:00,2.3102,0.0067,99.9th,8443970
2024-05-09 04:00:00+00:00,2.2489,0.0071,99.9th,8443970
2024-09-20 17:00:00+00:00,2.3315,0.0147,99.9th,8443970
2024-09-21 18:00:00+00:00,2.268,0.0142999999999999,99.9th,8443970
2024-09-22 19:00:00+00:00,2.2435,0.0145999999999999,99.9th,8443970
2022-12-23 15:00:00+00:00,2.6377,0.0209,99.99th,8443970
2024-01-10 15:00:00+00:00,2.5153,0.0215,99.99th,8443970
2024-01-13 16:00:00+00:00,2.6852,0.0189,99.99th,8443970
2024-01-13 17:00:00+00:00,2.774,0.0126,99.99th,8443970
2022-01-02 11:00:00+00:00,1.4061,0.0033,99.9th,8447386
2022-01-02 12:00:00+00:00,1.5002,0.0021,99.9th,8447386
2022-01-05 15:00:00+00:00,1.3856,0.0054,99.9th,8447386
2022-01-17 12:00:00+00:00,1.3949,0.0086,99.9th,8447386
2022-01-17 13:00:00+00:00,1.4284,0.0079,99.9th,8447386
2022-05-17 01:00:00+00:00,1.4018,0.0024,99.9th,8447386
2022-11-28 04:00:00+00:00,1.3757,0.0039,99.9th,8447386
2022-12-23 11:00:00+00:00,1.5474,0.0093,99.9th,8447386
2022-12-23 12:00:00+00:00,1.7864,0.008,99.9th,8447386
2022-12-23 13:00:00+00:00,1.8366,0.0078,99.9th,8447386
2022-12-23 14:00:00+00:00,1.4539,0.0099,99.9th,8447386
2023-10-30 13:00:00+00:00,1.417,0.0017,99.9th,8447386
2023-12-18 16:00:00+00:00,1.5233,0.0131,99.9th,8447386
2023-12-18 17:00:00+00:00,1.9294,0.0065,99.9th,8447386
2023-12-18 18:00:00+00:00,1.399,0.0099999999999999,99.9th,8447386
2024-01-10 09:00:00+00:00,1.4324,0.0078,99.9th,8447386
2024-01-10 11:00:00+00:00,1.4066,0.0072,99.9th,8447386
2024-01-10 12:00:00+00:00,1.6465,0.0035,99.9th,8447386
2024-01-10 13:00:00+00:00,1.5414,0.0046,99.9th,8447386
2024-01-13 12:00:00+00:00,1.4098000000000002,0.0084999999999999,99.9th,8447386
2024-01-13 13:00:00+00:00,1.7456,0.0056,99.9th,8447386
2024-01-13 14:00:00+00:00,1.7422,0.004,99.9th,8447386
2024-01-13 15:00:00+00:00,1.5439,0.006,99.9th,8447386
2024-02-14 03:00:00+00:00,1.4018,0.0028,99.9th,8447386
2024-02-14 04:00:00+00:00,1.4342,0.0021999999999999,99.9th,8447386
2024-03-10 11:00:00+00:00,1.4287,0.0046,99.9th,8447386
2024-03-10 12:00:00+00:00,1.6237,0.002,99.9th,8447386
2024-03-10 13:00:00+00:00,1.4841000000000002,0.0045,99.9th,8447386
2024-03-11 00:00:00+00:00,1.4721,0.0045,99.9th,8447386
2024-03-24 00:00:00+00:00,1.4366,0.0075,99.9th,8447386
2024-04-09 00:00:00+00:00,1.4157,0.0014,99.9th,8447386
2024-04-10 01:00:00+00:00,1.4261,0.0013,99.9th,8447386
2024-09-20 14:00:00+00:00,1.4158,0.0025,99.9th,8447386
2022-12-23 12:00:00+00:00,1.7864,0.008,99.99th,8447386
2022-12-23 13:00:00+00:00,1.8366,0.0078,99.99th,8447386
2023-12-18 17:00:00+00:00,1.9294,0.0065,99.99th,8447386
2024-01-13 13:00:00+00:00,1.7456,0.0056,99.99th,8447386
2021-10-27 20:00:00+00:00,1.5669,0.0538,99.9th,8447435
2021-10-27 21:00:00+00:00,1.5977,0.0464,99.9th,8447435
2021-10-27 22:00:00+00:00,1.4993,0.0493,99.9th,8447435
2022-01-02 15:00:00+00:00,1.5539,0.0183,99.9th,8447435
2022-01-02 16:00:00+00:00,1.5582,0.0211,99.9th,8447435
2022-01-03 16:00:00+00:00,1.5305,0.0185,99.9th,8447435
2022-01-03 17:00:00+00:00,1.4981,0.0203,99.9th,8447435
2022-01-17 15:00:00+00:00,1.4969,0.0344,99.9th,8447435
2022-01-17 16:00:00+00:00,1.5669,0.0309,99.9th,8447435
2022-01-17 17:00:00+00:00,1.5308,0.0338,99.9th,8447435
2022-01-29 13:00:00+00:00,1.719,0.066,99.9th,8447435
2022-01-29 14:00:00+00:00,1.7693,0.0757,99.9th,8447435
2022-01-29 15:00:00+00:00,1.6413,0.0802,99.9th,8447435
2022-12-23 15:00:00+00:00,1.6893999999999998,0.0314,99.9th,8447435
2022-12-23 16:00:00+00:00,1.7829000000000002,0.0318,99.9th,8447435
2022-12-23 17:00:00+00:00,1.6469,0.0271,99.9th,8447435
2023-01-23 17:00:00+00:00,1.5048,0.0173,99.9th,8447435
2023-01-23 18:00:00+00:00,1.479,0.0187,99.9th,8447435
2024-01-10 14:00:00+00:00,1.5084,0.0204999999999999,99.9th,8447435
2024-01-10 15:00:00+00:00,1.6443,0.0218,99.9th,8447435
2024-01-10 16:00:00+00:00,1.5938,0.0184,99.9th,8447435
2024-01-13 16:00:00+00:00,1.4892,0.0166,99.9th,8447435
2024-01-13 17:00:00+00:00,1.7703,0.0196,99.9th,8447435
2024-01-13 18:00:00+00:00,1.7764,0.0209999999999999,99.9th,8447435
2024-01-13 19:00:00+00:00,1.6073,0.014,99.9th,8447435
2024-02-13 19:00:00+00:00,1.4771,0.0124,99.9th,8447435
2024-03-10 16:00:00+00:00,1.5123,0.0121,99.9th,8447435
2024-04-04 11:00:00+00:00,1.5652,0.0275,99.9th,8447435
2024-04-04 12:00:00+00:00,1.6901,0.0252,99.9th,8447435
2024-04-04 13:00:00+00:00,1.6864,0.0278,99.9th,8447435
2024-04-04 14:00:00+00:00,1.4833,0.0254,99.9th,8447435
2024-09-20 18:00:00+00:00,1.5073,0.0188,99.9th,8447435
2024-09-21 19:00:00+00:00,1.4872999999999998,0.0171,99.9th,8447435
2022-01-29 14:00:00+00:00,1.7693,0.0757,99.99th,8447435
2022-12-23 16:00:00+00:00,1.7829000000000002,0.0318,99.99th,8447435
2024-01-13 17:00:00+00:00,1.7703,0.0196,99.99th,8447435
2024-01-13 18:00:00+00:00,1.7764,0.0209999999999999,99.99th,8447435
2023-08-31 00:00:00+00:00,1.2235,0.0019,99.9th,8447636
2023-09-30 13:00:00+00:00,1.1964,0.0056,99.9th,8447636
2023-10-01 13:00:00+00:00,1.2093,0.0101999999999999,99.9th,8447636
2023-10-01 14:00:00+00:00,1.2,0.0094,99.9th,8447636
2023-10-30 13:00:00+00:00,1.2168,0.0051,99.9th,8447636
2024-01-10 12:00:00+00:00,1.204,0.0081,99.9th,8447636
2024-01-10 13:00:00+00:00,1.2252,0.0075,99.9th,8447636
2024-02-14 04:00:00+00:00,1.2009,0.0028,99.9th,8447636
2024-04-09 00:00:00+00:00,1.2116,0.0034,99.9th,8447636
2024-04-10 01:00:00+00:00,1.2041,0.0043999999999999,99.9th,8447636
2024-05-09 01:00:00+00:00,1.2077,0.0056,99.9th,8447636
2024-09-20 14:00:00+00:00,1.2154,0.0103,99.9th,8447636
2024-09-22 15:00:00+00:00,1.2024,0.0098,99.9th,8447636
2024-10-18 13:00:00+00:00,1.204,0.0095,99.9th,8447636
2023-08-31 00:00:00+00:00,1.2235,0.0019,99.99th,8447636
2024-01-10 13:00:00+00:00,1.2252,0.0075,99.99th,8447636
2022-01-02 12:00:00+00:00,0.9956,0.0145999999999999,99.9th,8447930
2022-01-17 11:00:00+00:00,0.9729,0.0266,99.9th,8447930
2022-01-17 12:00:00+00:00,1.05,0.0305,99.9th,8447930
2022-01-17 13:00:00+00:00,1.1636,0.0332,99.9th,8447930
2022-01-17 14:00:00+00:00,1.0347,0.0305,99.9th,8447930
2022-12-23 11:00:00+00:00,1.1597,0.0774,99.9th,8447930
2022-12-23 12:00:00+00:00,1.2968,0.1089,99.9th,8447930
2022-12-23 13:00:00+00:00,1.3519,0.1072999999999999,99.9th,8447930
2022-12-23 14:00:00+00:00,1.1447,0.0791,99.9th,8447930
2022-12-23 15:00:00+00:00,0.9981,0.0543,99.9th,8447930
2023-03-04 11:00:00+00:00,1.0539,0.0454,99.9th,8447930
2023-03-04 12:00:00+00:00,0.9823,0.0351,99.9th,8447930
2023-12-18 15:00:00+00:00,0.9684,0.1173,99.9th,8447930
2023-12-18 16:00:00+00:00,1.2015,0.1205,99.9th,8447930
2023-12-18 17:00:00+00:00,1.1894,0.0859,99.9th,8447930
2023-12-18 18:00:00+00:00,1.0727,0.0606,99.9th,8447930
2023-12-18 21:00:00+00:00,0.9663,0.0897,99.9th,8447930
2024-01-10 09:00:00+00:00,1.0838,0.0743,99.9th,8447930
2024-01-10 10:00:00+00:00,0.991,0.0555,99.9th,8447930
2024-01-10 11:00:00+00:00,1.2725,0.0696,99.9th,8447930
2024-01-10 12:00:00+00:00,1.279,0.0651,99.9th,8447930
2024-01-10 13:00:00+00:00,1.1681,0.0561999999999999,99.9th,8447930
2024-01-10 14:00:00+00:00,0.9961,0.0486,99.9th,8447930
2024-01-13 12:00:00+00:00,1.0175,0.064,99.9th,8447930
2024-01-13 13:00:00+00:00,1.2739,0.0939,99.9th,8447930
2024-01-13 14:00:00+00:00,1.3119999999999998,0.0747,99.9th,8447930
2024-01-13 15:00:00+00:00,1.3075,0.0573,99.9th,8447930
2024-01-13 16:00:00+00:00,1.1006,0.0417,99.9th,8447930
2024-03-10 12:00:00+00:00,1.028,0.0066,99.9th,8447930
2024-03-10 13:00:00+00:00,0.9927,0.0291999999999999,99.9th,8447930
2024-04-04 07:00:00+00:00,1.0163,0.0482,99.9th,8447930
2024-04-04 08:00:00+00:00,1.0704,0.0451,99.9th,8447930
2024-04-04 09:00:00+00:00,1.0112,0.0412999999999999,99.9th,8447930
2022-12-23 12:00:00+00:00,1.2968,0.1089,99.99th,8447930
2022-12-23 13:00:00+00:00,1.3519,0.1072999999999999,99.99th,8447930
2024-01-13 14:00:00+00:00,1.3119999999999998,0.0747,99.99th,8447930
2024-01-13 15:00:00+00:00,1.3075,0.0573,99.99th,8447930
2021-10-27 07:00:00+00:00,1.2287,0.0106,99.9th,8449130
2021-10-27 08:00:00+00:00,1.1722,0.0112,99.9th,8449130
2021-10-27 19:00:00+00:00,1.1718,0.0112,99.9th,8449130
2021-10-27 20:00:00+00:00,1.2177,0.0106,99.9th,8449130
2021-10-27 21:00:00+00:00,1.2031,0.0104,99.9th,8449130
2021-10-27 22:00:00+00:00,1.1351,0.0098999999999999,99.9th,8449130
2022-01-02 15:00:00+00:00,1.1337,0.0026,99.9th,8449130
2022-01-02 16:00:00+00:00,1.1662,0.0024,99.9th,8449130
2022-01-29 12:00:00+00:00,1.1688,0.0152,99.9th,8449130
2022-01-29 13:00:00+00:00,1.3832,0.0137,99.9th,8449130
2022-01-29 14:00:00+00:00,1.4659,0.012,99.9th,8449130
2022-01-29 15:00:00+00:00,1.4163,0.0101,99.9th,8449130
2022-01-29 16:00:00+00:00,1.2222,0.0149,99.9th,8449130
2022-12-23 15:00:00+00:00,1.1908,0.0059,99.9th,8449130
2022-12-23 16:00:00+00:00,1.2789,0.005,99.9th,8449130
2022-12-23 17:00:00+00:00,1.1913,0.0052,99.9th,8449130
2023-10-21 21:00:00+00:00,1.1646,0.0058,99.9th,8449130
2023-12-18 22:00:00+00:00,1.1385,0.0119,99.9th,8449130
2024-01-10 13:00:00+00:00,1.1867,0.0,99.9th,8449130
2024-01-10 14:00:00+00:00,1.3037,0.0,99.9th,8449130
2024-01-10 15:00:00+00:00,1.3372,0.0,99.9th,8449130
2024-01-10 16:00:00+00:00,1.2443,0.0,99.9th,8449130
2024-01-13 16:00:00+00:00,1.2170999999999998,0.006,99.9th,8449130
2024-01-13 17:00:00+00:00,1.3639,0.0063,99.9th,8449130
2024-01-13 18:00:00+00:00,1.3446,0.0053,99.9th,8449130
2024-01-13 19:00:00+00:00,1.193,0.0051,99.9th,8449130
2024-02-13 19:00:00+00:00,1.2172,0.0084999999999999,99.9th,8449130
2024-02-13 20:00:00+00:00,1.2051,0.0078,99.9th,8449130
2024-04-04 12:00:00+00:00,1.136,0.0052,99.9th,8449130
2024-04-04 13:00:00+00:00,1.1342,0.0054,99.9th,8449130
2024-09-20 18:00:00+00:00,1.1361,0.0051,99.9th,8449130
2024-09-22 19:00:00+00:00,1.1363,0.0077,99.9th,8449130
2024-09-22 20:00:00+00:00,1.1487,0.0025,99.9th,8449130
2022-01-29 13:00:00+00:00,1.3832,0.0137,99.99th,8449130
2022-01-29 14:00:00+00:00,1.4659,0.012,99.99th,8449130
2022-01-29 15:00:00+00:00,1.4163,0.0101,99.99th,8449130
2024-01-13 17:00:00+00:00,1.3639,0.0063,99.99th,8449130
2021-08-22 12:00:00+00:00,1.1992,0.0228,99.9th,8452660
2022-01-02 11:00:00+00:00,1.2818,0.0124,99.9th,8452660
2022-01-02 12:00:00+00:00,1.275,0.0111,99.9th,8452660
2022-01-17 11:00:00+00:00,1.2226,0.0621,99.9th,8452660
2022-01-17 12:00:00+00:00,1.3459,0.0571999999999999,99.9th,8452660
2022-01-17 13:00:00+00:00,1.2797,0.045,99.9th,8452660
2022-12-23 10:00:00+00:00,1.2296,0.0236,99.9th,8452660
2022-12-23 11:00:00+00:00,1.5062,0.0273,99.9th,8452660
2022-12-23 12:00:00+00:00,1.6643,0.0236,99.9th,8452660
2022-12-23 13:00:00+00:00,1.513,0.0328,99.9th,8452660
2023-10-30 13:00:00+00:00,1.2405,0.0075,99.9th,8452660
2023-12-18 15:00:00+00:00,1.2068,0.0305,99.9th,8452660
2023-12-18 16:00:00+00:00,1.477,0.0459,99.9th,8452660
2023-12-18 17:00:00+00:00,1.3918,0.0384,99.9th,8452660
2024-01-10 10:00:00+00:00,1.3433,0.0465999999999999,99.9th,8452660
2024-01-10 11:00:00+00:00,1.4637,0.0337,99.9th,8452660
2024-01-10 12:00:00+00:00,1.4312,0.0406,99.9th,8452660
2024-01-10 13:00:00+00:00,1.2078,0.047,99.9th,8452660
2024-01-13 12:00:00+00:00,1.4066,0.0331,99.9th,8452660
2024-01-13 13:00:00+00:00,1.5908,0.0291999999999999,99.9th,8452660
2024-01-13 14:00:00+00:00,1.568,0.0243999999999999,99.9th,8452660
2024-01-13 15:00:00+00:00,1.3935,0.0197,99.9th,8452660
2024-02-14 03:00:00+00:00,1.2367,0.0112,99.9th,8452660
2024-02-14 04:00:00+00:00,1.1915,0.0107,99.9th,8452660
2024-03-10 11:00:00+00:00,1.3219999999999998,0.0136999999999999,99.9th,8452660
2024-03-10 12:00:00+00:00,1.4135,0.011,99.9th,8452660
2024-03-10 13:00:00+00:00,1.2074,0.0137,99.9th,8452660
2024-04-09 00:00:00+00:00,1.2338,0.0082,99.9th,8452660
2024-04-10 01:00:00+00:00,1.2098,0.0062,99.9th,8452660
2024-09-19 13:00:00+00:00,1.1979,0.0101,99.9th,8452660
2024-09-20 13:00:00+00:00,1.2556,0.013,99.9th,8452660
2024-09-20 14:00:00+00:00,1.2387,0.0138,99.9th,8452660
2024-09-22 15:00:00+00:00,1.2149,0.0094,99.9th,8452660
2022-12-23 12:00:00+00:00,1.6643,0.0236,99.99th,8452660
2022-12-23 13:00:00+00:00,1.513,0.0328,99.99th,8452660
2024-01-13 13:00:00+00:00,1.5908,0.0291999999999999,99.99th,8452660
2024-01-13 14:00:00+00:00,1.568,0.0243999999999999,99.99th,8452660
2021-10-09 14:00:00+00:00,1.3214,0.0140999999999999,99.9th,8452944
2022-01-02 11:00:00+00:00,1.3545,0.0136,99.9th,8452944
2022-01-02 12:00:00+00:00,1.4272,0.0108,99.9th,8452944
2022-01-17 11:00:00+00:00,1.3213,0.0601,99.9th,8452944
2022-01-17 12:00:00+00:00,1.4774,0.0512,99.9th,8452944
2022-01-17 13:00:00+00:00,1.3801,0.0288,99.9th,8452944
2022-05-17 01:00:00+00:00,1.3328,0.009,99.9th,8452944
2022-12-23 11:00:00+00:00,1.6411000000000002,0.0672,99.9th,8452944
2022-12-23 12:00:00+00:00,1.8718,0.0707,99.9th,8452944
2022-12-23 13:00:00+00:00,1.8526,0.0406,99.9th,8452944
2022-12-23 14:00:00+00:00,1.3959,0.0282,99.9th,8452944
2023-10-30 13:00:00+00:00,1.3758,0.0048,99.9th,8452944
2023-12-18 16:00:00+00:00,1.6672,0.0537,99.9th,8452944
2023-12-18 17:00:00+00:00,1.8168,0.0278,99.9th,8452944
2024-01-10 09:00:00+00:00,1.3834,0.0224,99.9th,8452944
2024-01-10 11:00:00+00:00,1.4482000000000002,0.0266,99.9th,8452944
2024-01-10 12:00:00+00:00,1.6154,0.0164999999999999,99.9th,8452944
2024-01-10 13:00:00+00:00,1.4034,0.0158,99.9th,8452944
2024-01-13 12:00:00+00:00,1.5436,0.0571,99.9th,8452944
2024-01-13 13:00:00+00:00,1.7457,0.0359,99.9th,8452944
2024-01-13 14:00:00+00:00,1.7206,0.0214,99.9th,8452944
2024-01-13 15:00:00+00:00,1.5022,0.0116,99.9th,8452944
2024-02-14 03:00:00+00:00,1.3528,0.0136,99.9th,8452944
2024-02-14 04:00:00+00:00,1.3438,0.0173,99.9th,8452944
2024-03-10 11:00:00+00:00,1.4068,0.0186,99.9th,8452944
2024-03-10 12:00:00+00:00,1.5709,0.0116,99.9th,8452944
2024-03-10 13:00:00+00:00,1.3917,0.017,99.9th,8452944
2024-03-11 00:00:00+00:00,1.4324,0.0201,99.9th,8452944
2024-04-09 00:00:00+00:00,1.3725,0.0067,99.9th,8452944
2024-04-10 01:00:00+00:00,1.3824999999999998,0.0055,99.9th,8452944
2024-09-20 13:00:00+00:00,1.3136,0.0153,99.9th,8452944
2024-09-20 14:00:00+00:00,1.3452,0.0205,99.9th,8452944
2022-12-23 12:00:00+00:00,1.8718,0.0707,99.99th,8452944
2022-12-23 13:00:00+00:00,1.8526,0.0406,99.99th,8452944
2023-12-18 17:00:00+00:00,1.8168,0.0278,99.99th,8452944
2024-01-13 13:00:00+00:00,1.7457,0.0359,99.99th,8452944
2021-11-12 19:00:00+00:00,1.4374,0.03,99.9th,8454000
2022-01-02 11:00:00+00:00,1.3698,0.0076,99.9th,8454000
2022-01-02 12:00:00+00:00,1.4737,0.006,99.9th,8454000
2022-01-05 15:00:00+00:00,1.3853,0.0165,99.9th,8454000
2022-01-17 11:00:00+00:00,1.3692,0.0271,99.9th,8454000
2022-01-17 12:00:00+00:00,1.61,0.0396,99.9th,8454000
2022-01-17 13:00:00+00:00,1.4343,0.0264,99.9th,8454000
2022-05-17 01:00:00+00:00,1.3862,0.008,99.9th,8454000
2022-12-23 11:00:00+00:00,1.7055,0.044,99.9th,8454000
2022-12-23 12:00:00+00:00,2.0508,0.0856,99.9th,8454000
2022-12-23 13:00:00+00:00,2.0074,0.0405,99.9th,8454000
2022-12-23 14:00:00+00:00,1.5458,0.0306,99.9th,8454000
2023-01-26 04:00:00+00:00,1.3922,0.0177,99.9th,8454000
2023-10-30 13:00:00+00:00,1.4217,0.0048,99.9th,8454000
2023-12-18 16:00:00+00:00,1.8051,0.0702,99.9th,8454000
2023-12-18 17:00:00+00:00,1.9904,0.0275,99.9th,8454000
2024-01-10 09:00:00+00:00,1.442,0.0170999999999999,99.9th,8454000
2024-01-10 10:00:00+00:00,1.3858,0.0269,99.9th,8454000
2024-01-10 11:00:00+00:00,1.4186,0.0293,99.9th,8454000
2024-01-10 12:00:00+00:00,1.7346,0.0121,99.9th,8454000
2024-01-10 13:00:00+00:00,1.5002,0.0156,99.9th,8454000
2024-01-13 12:00:00+00:00,1.6847,0.0207,99.9th,8454000
2024-01-13 13:00:00+00:00,1.8348,0.0185,99.9th,8454000
2024-01-13 14:00:00+00:00,1.8006,0.0098,99.9th,8454000
2024-01-13 15:00:00+00:00,1.5468,0.0153,99.9th,8454000
2024-02-14 03:00:00+00:00,1.379,0.0083,99.9th,8454000
2024-02-14 04:00:00+00:00,1.388,0.0072,99.9th,8454000
2024-03-10 11:00:00+00:00,1.4944000000000002,0.0158,99.9th,8454000
2024-03-10 12:00:00+00:00,1.6494,0.0067,99.9th,8454000
2024-03-10 13:00:00+00:00,1.4534,0.0087999999999999,99.9th,8454000
2024-03-11 00:00:00+00:00,1.4782,0.0102,99.9th,8454000
2024-04-09 00:00:00+00:00,1.4319,0.0039,99.9th,8454000
2024-04-10 01:00:00+00:00,1.4465,0.0082999999999999,99.9th,8454000
2022-12-23 12:00:00+00:00,2.0508,0.0856,99.99th,8454000
2022-12-23 13:00:00+00:00,2.0074,0.0405,99.99th,8454000
2023-12-18 17:00:00+00:00,1.9904,0.0275,99.99th,8454000
2024-01-13 13:00:00+00:00,1.8348,0.0185,99.99th,8454000
2022-01-02 11:00:00+00:00,1.308,0.0108,99.9th,8454049
2022-01-02 12:00:00+00:00,1.3278,0.0095,99.9th,8454049
2022-01-17 11:00:00+00:00,1.3216,0.0921,99.9th,8454049
2022-01-17 12:00:00+00:00,1.4618,0.091,99.9th,8454049
2022-01-17 13:00:00+00:00,1.3107,0.0378,99.9th,8454049
2022-05-17 01:00:00+00:00,1.2388,0.0142999999999999,99.9th,8454049
2022-12-23 10:00:00+00:00,1.2381,0.0523,99.9th,8454049
2022-12-23 11:00:00+00:00,1.5775,0.0925,99.9th,8454049
2022-12-23 12:00:00+00:00,1.7736,0.1095,99.9th,8454049
2022-12-23 13:00:00+00:00,1.6788,0.1012,99.9th,8454049
2023-10-30 13:00:00+00:00,1.2847,0.0064,99.9th,8454049
2023-12-18 16:00:00+00:00,1.5683,0.0829,99.9th,8454049
2023-12-18 17:00:00+00:00,1.5339,0.2019,99.9th,8454049
2024-01-10 09:00:00+00:00,1.2693,0.0351,99.9th,8454049
2024-01-10 10:00:00+00:00,1.308,0.0361999999999999,99.9th,8454049
2024-01-10 11:00:00+00:00,1.4457,0.0389,99.9th,8454049
2024-01-10 12:00:00+00:00,1.5076,0.0308,99.9th,8454049
2024-01-10 13:00:00+00:00,1.2738,0.0249,99.9th,8454049
2024-01-13 12:00:00+00:00,1.4872,0.1099,99.9th,8454049
2024-01-13 13:00:00+00:00,1.66,0.0664,99.9th,8454049
2024-01-13 14:00:00+00:00,1.6183,0.0286,99.9th,8454049
2024-01-13 15:00:00+00:00,1.4466,0.0189,99.9th,8454049
2024-02-14 03:00:00+00:00,1.2739,0.0123,99.9th,8454049
2024-02-14 04:00:00+00:00,1.2421,0.012,99.9th,8454049
2024-03-10 11:00:00+00:00,1.3435,0.0182,99.9th,8454049
2024-03-10 12:00:00+00:00,1.4697,0.0139,99.9th,8454049
2024-03-10 13:00:00+00:00,1.2793,0.0162,99.9th,8454049
2024-03-11 00:00:00+00:00,1.2553,0.0154,99.9th,8454049
2024-04-09 00:00:00+00:00,1.2804,0.0082999999999999,99.9th,8454049
2024-04-10 01:00:00+00:00,1.2716999999999998,0.0077,99.9th,8454049
2024-09-20 13:00:00+00:00,1.2699,0.0184,99.9th,8454049
2024-09-20 14:00:00+00:00,1.2758,0.0191,99.9th,8454049
2024-09-22 15:00:00+00:00,1.2504,0.0163,99.9th,8454049
2022-12-23 12:00:00+00:00,1.7736,0.1095,99.99th,8454049
2022-12-23 13:00:00+00:00,1.6788,0.1012,99.99th,8454049
2024-01-13 13:00:00+00:00,1.66,0.0664,99.99th,8454049
2024-01-13 14:00:00+00:00,1.6183,0.0286,99.99th,8454049
2022-01-17 11:00:00+00:00,1.1786,0.0258,99.9th,8461490
2022-01-17 12:00:00+00:00,1.3145,0.0183,99.9th,8461490
2022-01-17 13:00:00+00:00,1.3388,0.0111,99.9th,8461490
2022-01-17 14:00:00+00:00,1.1942,0.0141999999999999,99.9th,8461490
2022-12-23 12:00:00+00:00,1.3817,0.0194,99.9th,8461490
2022-12-23 13:00:00+00:00,1.5237,0.0168,99.9th,8461490
2022-12-23 14:00:00+00:00,1.3546,0.0141999999999999,99.9th,8461490
2023-03-04 11:00:00+00:00,1.1568999999999998,0.019,99.9th,8461490
2023-03-04 12:00:00+00:00,1.2175,0.0144,99.9th,8461490
2023-03-04 13:00:00+00:00,1.2698,0.014,99.9th,8461490
2023-03-04 14:00:00+00:00,1.1544,0.0169,99.9th,8461490
2023-12-18 16:00:00+00:00,1.2425000000000002,0.0135,99.9th,8461490
2023-12-18 17:00:00+00:00,1.1905,0.0125,99.9th,8461490
2023-12-18 18:00:00+00:00,1.1827,0.0121,99.9th,8461490
2023-12-18 19:00:00+00:00,1.2164,0.0133,99.9th,8461490
2023-12-18 20:00:00+00:00,1.1049,0.0113,99.9th,8461490
2024-01-07 10:00:00+00:00,1.1223,0.0141,99.9th,8461490
2024-01-07 11:00:00+00:00,1.1215,0.0152,99.9th,8461490
2024-01-10 10:00:00+00:00,1.115,0.0195,99.9th,8461490
2024-01-10 11:00:00+00:00,1.3584,0.0156,99.9th,8461490
2024-01-10 12:00:00+00:00,1.3917,0.0129,99.9th,8461490
2024-01-10 13:00:00+00:00,1.3002,0.0101,99.9th,8461490
2024-01-10 14:00:00+00:00,1.1552,0.0087999999999999,99.9th,8461490
2024-01-13 12:00:00+00:00,1.1395,0.0147999999999999,99.9th,8461490
2024-01-13 13:00:00+00:00,1.2694,0.0147999999999999,99.9th,8461490
2024-01-13 14:00:00+00:00,1.4245,0.0096,99.9th,8461490
2024-01-13 15:00:00+00:00,1.5469,0.1066999999999999,99.9th,8461490
2024-01-13 16:00:00+00:00,1.4609,0.0142,99.9th,8461490
2024-01-13 17:00:00+00:00,1.1443,0.0129,99.9th,8461490
2024-04-04 08:00:00+00:00,1.1458,0.0207,99.9th,8461490
2024-04-04 09:00:00+00:00,1.1825,0.0174999999999999,99.9th,8461490
2024-04-04 10:00:00+00:00,1.2362,0.0155,99.9th,8461490
2024-04-04 11:00:00+00:00,1.216,0.0136,99.9th,8461490
2022-12-23 13:00:00+00:00,1.5237,0.0168,99.99th,8461490
2024-01-13 14:00:00+00:00,1.4245,0.0096,99.99th,8461490
2024-01-13 15:00:00+00:00,1.5469,0.1066999999999999,99.99th,8461490
2024-01-13 16:00:00+00:00,1.4609,0.0142,99.99th,8461490
2021-10-09 17:00:00+00:00,1.6355,0.0083,99.9th,8465705
2021-10-09 18:00:00+00:00,1.6565,0.0081,99.9th,8465705
2022-01-02 15:00:00+00:00,1.6995999999999998,0.0108,99.9th,8465705
2022-01-17 14:00:00+00:00,1.7785,0.0222,99.9th,8465705
2022-01-17 15:00:00+00:00,1.7561,0.0247,99.9th,8465705
2022-04-19 05:00:00+00:00,1.6587,0.0081,99.9th,8465705
2022-12-23 14:00:00+00:00,1.9417,0.0371,99.9th,8465705
2022-12-23 15:00:00+00:00,2.0155000000000003,0.0288,99.9th,8465705
2022-12-23 16:00:00+00:00,1.8265,0.0323,99.9th,8465705
2023-01-26 07:00:00+00:00,1.6355,0.0147,99.9th,8465705
2023-03-04 12:00:00+00:00,1.6771,0.0121,99.9th,8465705
2023-03-04 13:00:00+00:00,1.836,0.0077,99.9th,8465705
2023-03-04 14:00:00+00:00,1.7807000000000002,0.0096,99.9th,8465705
2023-03-14 08:00:00+00:00,1.6482,0.007,99.9th,8465705
2023-11-22 11:00:00+00:00,1.6938,0.0068,99.9th,8465705
2023-12-18 20:00:00+00:00,1.6364,0.0136,99.9th,8465705
2024-01-10 14:00:00+00:00,1.669,0.0161,99.9th,8465705
2024-01-13 15:00:00+00:00,1.6696000000000002,0.0167,99.9th,8465705
2024-01-13 16:00:00+00:00,1.9912,0.0161,99.9th,8465705
2024-01-13 17:00:00+00:00,2.0307,0.0208,99.9th,8465705
2024-01-13 18:00:00+00:00,1.6934999999999998,0.0264,99.9th,8465705
2024-03-10 03:00:00+00:00,1.7762,0.0087,99.9th,8465705
2024-03-10 04:00:00+00:00,1.6351,0.0126,99.9th,8465705
2024-04-03 23:00:00+00:00,1.7233,0.0099999999999999,99.9th,8465705
2024-04-04 00:00:00+00:00,1.6829999999999998,0.0103,99.9th,8465705
2024-04-04 10:00:00+00:00,1.6303,0.0093,99.9th,8465705
2024-04-10 04:00:00+00:00,1.6529,0.007,99.9th,8465705
2024-04-11 05:00:00+00:00,1.6397,0.0048,99.9th,8465705
2024-04-12 06:00:00+00:00,1.6701,0.0154,99.9th,8465705
2024-05-09 04:00:00+00:00,1.6314,0.0058,99.9th,8465705
2024-09-20 17:00:00+00:00,1.7231,0.0077,99.9th,8465705
2024-09-21 18:00:00+00:00,1.6811,0.0072,99.9th,8465705
2024-09-22 19:00:00+00:00,1.6815000000000002,0.0063,99.9th,8465705
2022-12-23 14:00:00+00:00,1.9417,0.0371,99.99th,8465705
2022-12-23 15:00:00+00:00,2.0155000000000003,0.0288,99.99th,8465705
2024-01-13 16:00:00+00:00,1.9912,0.0161,99.99th,8465705
2024-01-13 17:00:00+00:00,2.0307,0.0208,99.99th,8465705
2021-05-29 05:00:00+00:00,1.7653,0.0118,99.9th,8467150
2021-05-29 06:00:00+00:00,1.7924,0.0092,99.9th,8467150
2021-10-09 17:00:00+00:00,1.7939,0.0116,99.9th,8467150
2021-10-09 18:00:00+00:00,1.8088,0.0093,99.9th,8467150
2022-01-02 15:00:00+00:00,1.8366,0.0075,99.9th,8467150
2022-01-17 14:00:00+00:00,1.873,0.0145999999999999,99.9th,8467150
2022-01-17 15:00:00+00:00,1.8696,0.0182,99.9th,8467150
2022-04-19 05:00:00+00:00,1.8708,0.0136,99.9th,8467150
2022-04-19 06:00:00+00:00,1.85,0.0136,99.9th,8467150
2022-12-23 14:00:00+00:00,2.079,0.3105,99.9th,8467150
2022-12-23 15:00:00+00:00,2.2098,0.0554,99.9th,8467150
2022-12-23 16:00:00+00:00,1.9641,0.2118999999999999,99.9th,8467150
2023-01-26 07:00:00+00:00,1.7584,0.0077,99.9th,8467150
2023-03-04 12:00:00+00:00,1.7976,0.0145999999999999,99.9th,8467150
2023-03-04 13:00:00+00:00,1.9418,0.0094,99.9th,8467150
2023-03-04 14:00:00+00:00,1.8905,0.008,99.9th,8467150
2023-11-22 11:00:00+00:00,1.7978,0.0071,99.9th,8467150
2024-01-10 14:00:00+00:00,1.7956,0.0066,99.9th,8467150
2024-01-13 16:00:00+00:00,2.084,0.1568999999999999,99.9th,8467150
2024-01-13 17:00:00+00:00,2.1326,0.0196,99.9th,8467150
2024-01-13 18:00:00+00:00,1.8484000000000005,0.1716,99.9th,8467150
2024-03-10 03:00:00+00:00,1.9407,0.0104999999999999,99.9th,8467150
2024-03-10 04:00:00+00:00,1.8634,0.0121,99.9th,8467150
2024-04-03 23:00:00+00:00,1.9146,0.0147999999999999,99.9th,8467150
2024-04-04 00:00:00+00:00,1.8921,0.0147999999999999,99.9th,8467150
2024-04-04 11:00:00+00:00,1.7759999999999998,0.0101,99.9th,8467150
2024-04-10 04:00:00+00:00,1.795,0.0052,99.9th,8467150
2024-04-11 05:00:00+00:00,1.7731,0.0045,99.9th,8467150
2024-04-12 06:00:00+00:00,1.8054,0.018,99.9th,8467150
2024-05-09 04:00:00+00:00,1.7691,0.007,99.9th,8467150
2024-09-20 17:00:00+00:00,1.8657,0.0069,99.9th,8467150
2024-09-21 18:00:00+00:00,1.8209,0.0072,99.9th,8467150
2024-09-22 19:00:00+00:00,1.7940999999999998,0.0065,99.9th,8467150
2022-12-23 14:00:00+00:00,2.079,0.3105,99.99th,8467150
2022-12-23 15:00:00+00:00,2.2098,0.0554,99.99th,8467150
2024-01-13 16:00:00+00:00,2.084,0.1568999999999999,99.99th,8467150
2024-01-13 17:00:00+00:00,2.1326,0.0196,99.99th,8467150
2022-01-17 11:00:00+00:00,1.1013,0.0617,99.9th,8510560
2022-01-17 12:00:00+00:00,1.2222,0.0634,99.9th,8510560
2022-01-17 13:00:00+00:00,1.2446,0.0521,99.9th,8510560
2022-01-17 14:00:00+00:00,1.0894,0.0466,99.9th,8510560
2022-12-16 18:00:00+00:00,1.0407,0.0444,99.9th,8510560
2022-12-16 19:00:00+00:00,1.0388,0.0472999999999999,99.9th,8510560
2022-12-23 11:00:00+00:00,1.0398,0.0381,99.9th,8510560
2022-12-23 12:00:00+00:00,1.302,0.0513,99.9th,8510560
2022-12-23 13:00:00+00:00,1.3827,0.0518,99.9th,8510560
2022-12-23 14:00:00+00:00,1.1948,0.0442,99.9th,8510560
2023-03-04 11:00:00+00:00,1.0987,0.0541,99.9th,8510560
2023-03-04 12:00:00+00:00,1.1861000000000002,0.0525,99.9th,8510560
2023-03-04 13:00:00+00:00,1.1947,0.0603999999999999,99.9th,8510560
2023-03-04 14:00:00+00:00,1.0928,0.0746,99.9th,8510560
2023-12-18 16:00:00+00:00,1.1052,0.0583,99.9th,8510560
2023-12-18 17:00:00+00:00,1.0775,0.0598,99.9th,8510560
2023-12-18 18:00:00+00:00,1.0694,0.0707,99.9th,8510560
2023-12-18 19:00:00+00:00,1.043,0.0722,99.9th,8510560
2024-01-07 10:00:00+00:00,1.0659,0.0386,99.9th,8510560
2024-01-07 11:00:00+00:00,1.0572,0.0397,99.9th,8510560
2024-01-10 10:00:00+00:00,1.1103999999999998,0.0491,99.9th,8510560
2024-01-10 11:00:00+00:00,1.2286,0.061,99.9th,8510560
2024-01-10 12:00:00+00:00,1.2452,0.0664,99.9th,8510560
2024-01-10 13:00:00+00:00,1.1464,0.0715,99.9th,8510560
2024-01-13 13:00:00+00:00,1.2069,0.0354,99.9th,8510560
2024-01-13 14:00:00+00:00,1.3504,0.0361999999999999,99.9th,8510560
2024-01-13 15:00:00+00:00,1.3971,0.0375,99.9th,8510560
2024-01-13 16:00:00+00:00,1.2241,0.0424,99.9th,8510560
2024-04-04 07:00:00+00:00,1.088,0.0656,99.9th,8510560
2024-04-04 08:00:00+00:00,1.1593,0.0653,99.9th,8510560
2024-04-04 09:00:00+00:00,1.1542,0.0642,99.9th,8510560
2024-04-04 10:00:00+00:00,1.174,0.0586999999999999,99.9th,8510560
2024-04-04 11:00:00+00:00,1.1629999999999998,0.0552,99.9th,8510560
2022-12-23 12:00:00+00:00,1.302,0.0513,99.99th,8510560
2022-12-23 13:00:00+00:00,1.3827,0.0518,99.99th,8510560
2024-01-13 14:00:00+00:00,1.3504,0.0361999999999999,99.99th,8510560
2024-01-13 15:00:00+00:00,1.3971,0.0375,99.99th,8510560
2021-05-29 05:00:00+00:00,2.0001,0.0159,99.9th,8516945
2021-05-29 06:00:00+00:00,2.0754,0.0138,99.9th,8516945
2021-05-29 07:00:00+00:00,1.9575,0.0144,99.9th,8516945
2021-10-09 17:00:00+00:00,1.9342,0.0079,99.9th,8516945
2021-10-09 18:00:00+00:00,2.0052,0.0082,99.9th,8516945
2022-01-17 14:00:00+00:00,2.0201,0.0228,99.9th,8516945
2022-01-17 15:00:00+00:00,1.9059,0.0205,99.9th,8516945
2022-04-19 04:00:00+00:00,1.9089,0.0173,99.9th,8516945
2022-04-19 05:00:00+00:00,2.17,0.0165,99.9th,8516945
2022-04-19 06:00:00+00:00,2.3488,0.026,99.9th,8516945
2022-04-19 07:00:00+00:00,2.1773,0.0267,99.9th,8516945
2022-12-16 10:00:00+00:00,1.9368,0.0164,99.9th,8516945
2022-12-23 14:00:00+00:00,2.1013,0.0485,99.9th,8516945
2022-12-23 15:00:00+00:00,2.3644,0.0556999999999999,99.9th,8516945
2022-12-23 16:00:00+00:00,2.1199,0.0419999999999999,99.9th,8516945
2023-03-04 13:00:00+00:00,2.0102,0.0152,99.9th,8516945
2023-03-04 14:00:00+00:00,1.9841,0.0140999999999999,99.9th,8516945
2023-12-18 19:00:00+00:00,1.9106,0.0177,99.9th,8516945
2024-01-07 12:00:00+00:00,1.9183,0.0068,99.9th,8516945
2024-01-10 14:00:00+00:00,1.9155,0.0227,99.9th,8516945
2024-01-13 16:00:00+00:00,2.0915,0.0202,99.9th,8516945
2024-01-13 17:00:00+00:00,2.148,0.0186,99.9th,8516945
2024-01-13 18:00:00+00:00,2.035,0.0217,99.9th,8516945
2024-03-10 03:00:00+00:00,2.0563,0.0101,99.9th,8516945
2024-03-10 04:00:00+00:00,2.1115,0.0086,99.9th,8516945
2024-04-03 22:00:00+00:00,2.0829,0.0246,99.9th,8516945
2024-04-03 23:00:00+00:00,2.1595,0.0215,99.9th,8516945
2024-04-04 00:00:00+00:00,2.2488,0.0263,99.9th,8516945
2024-04-04 01:00:00+00:00,2.1916,0.0346999999999999,99.9th,8516945
2024-04-04 02:00:00+00:00,1.9236,0.0311,99.9th,8516945
2024-09-20 16:00:00+00:00,1.9058,0.0072999999999999,99.9th,8516945
2024-09-20 17:00:00+00:00,1.9613,0.0039,99.9th,8516945
2024-09-20 18:00:00+00:00,1.9093,0.0046,99.9th,8516945
2022-04-19 06:00:00+00:00,2.3488,0.026,99.99th,8516945
2022-12-23 15:00:00+00:00,2.3644,0.0556999999999999,99.99th,8516945
2024-04-04 00:00:00+00:00,2.2488,0.0263,99.99th,8516945
2024-04-04 01:00:00+00:00,2.1916,0.0346999999999999,99.99th,8516945
2021-05-29 02:00:00+00:00,1.4115,0.0459,99.9th,8518750
2021-05-29 03:00:00+00:00,1.5137,0.0317,99.9th,8518750
2021-10-09 15:00:00+00:00,1.4289999999999998,0.0695,99.9th,8518750
2022-01-02 12:00:00+00:00,1.4664,0.0224,99.9th,8518750
2022-01-17 12:00:00+00:00,1.4235,0.0421,99.9th,8518750
2022-01-17 13:00:00+00:00,1.433,0.0507,99.9th,8518750
2022-04-19 02:00:00+00:00,1.4129,0.0371,99.9th,8518750
2022-04-19 03:00:00+00:00,1.4754999999999998,0.0221,99.9th,8518750
2022-12-23 10:00:00+00:00,1.4896,0.0471,99.9th,8518750
2022-12-23 11:00:00+00:00,1.7543,0.034,99.9th,8518750
2022-12-23 12:00:00+00:00,1.8501,0.0233,99.9th,8518750
2022-12-23 13:00:00+00:00,1.6928999999999998,0.06,99.9th,8518750
2023-01-23 14:00:00+00:00,1.4224,0.0822,99.9th,8518750
2023-02-28 08:00:00+00:00,1.4391,0.0321,99.9th,8518750
2023-06-04 00:00:00+00:00,1.4172,0.076,99.9th,8518750
2023-10-01 14:00:00+00:00,1.3948,0.0713999999999999,99.9th,8518750
2023-11-22 07:00:00+00:00,1.4308999999999998,0.0286,99.9th,8518750
2023-12-18 16:00:00+00:00,1.4099,0.0625,99.9th,8518750
2024-01-10 11:00:00+00:00,1.4221,0.0338,99.9th,8518750
2024-01-10 12:00:00+00:00,1.5916,0.0436,99.9th,8518750
2024-01-13 13:00:00+00:00,1.4324,0.0191,99.9th,8518750
2024-01-13 14:00:00+00:00,1.7406,0.0180999999999999,99.9th,8518750
2024-01-13 15:00:00+00:00,1.7614999999999998,0.0256,99.9th,8518750
2024-01-13 16:00:00+00:00,1.4216,0.0311,99.9th,8518750
2024-03-10 00:00:00+00:00,1.568,0.045,99.9th,8518750
2024-03-10 01:00:00+00:00,1.6263,0.0404,99.9th,8518750
2024-03-10 12:00:00+00:00,1.4799,0.0364,99.9th,8518750
2024-04-04 07:00:00+00:00,1.4242,0.075,99.9th,8518750
2024-04-12 03:00:00+00:00,1.3941,0.0276,99.9th,8518750
2024-09-20 14:00:00+00:00,1.4481,0.0786,99.9th,8518750
2024-09-20 15:00:00+00:00,1.3903,0.075,99.9th,8518750
2024-09-21 15:00:00+00:00,1.4454,0.0749,99.9th,8518750
2024-09-22 16:00:00+00:00,1.4087,0.0774,99.9th,8518750
2022-12-23 11:00:00+00:00,1.7543,0.034,99.99th,8518750
2022-12-23 12:00:00+00:00,1.8501,0.0233,99.99th,8518750
2024-01-13 14:00:00+00:00,1.7406,0.0180999999999999,99.99th,8518750
2024-01-13 15:00:00+00:00,1.7614999999999998,0.0256,99.99th,8518750
2022-01-17 17:00:00+00:00,1.4083,0.0027,99.9th,8518962
2022-01-17 18:00:00+00:00,1.5285,0.0015,99.9th,8518962
2022-01-17 19:00:00+00:00,1.4581,0.003,99.9th,8518962
2022-12-23 15:00:00+00:00,1.434,0.0054,99.9th,8518962
2022-12-23 16:00:00+00:00,1.7122,0.0043,99.9th,8518962
2022-12-23 17:00:00+00:00,1.8579,0.002,99.9th,8518962
2022-12-23 18:00:00+00:00,1.8333,0.0016,99.9th,8518962
2022-12-23 19:00:00+00:00,1.6733,0.0036,99.9th,8518962
2022-12-23 20:00:00+00:00,1.4337,0.0043999999999999,99.9th,8518962
2023-12-18 14:00:00+00:00,1.4428,0.0021,99.9th,8518962
2023-12-18 20:00:00+00:00,1.5004,0.0036999999999999,99.9th,8518962
2023-12-18 21:00:00+00:00,1.6748,0.0021,99.9th,8518962
2023-12-18 22:00:00+00:00,1.7582999999999998,0.0018,99.9th,8518962
2023-12-18 23:00:00+00:00,1.6045000000000005,0.0034,99.9th,8518962
2024-01-10 06:00:00+00:00,1.4036,0.002,99.9th,8518962
2024-01-10 15:00:00+00:00,1.5227,0.0034,99.9th,8518962
2024-01-10 16:00:00+00:00,1.7412,0.0024,99.9th,8518962
2024-01-10 17:00:00+00:00,1.7854,0.0027,99.9th,8518962
2024-01-10 18:00:00+00:00,1.594,0.0034,99.9th,8518962
2024-01-13 18:00:00+00:00,1.6512999999999998,0.0046,99.9th,8518962
2024-01-13 19:00:00+00:00,1.852,0.0023,99.9th,8518962
2024-01-13 20:00:00+00:00,1.8778,0.003,99.9th,8518962
2024-01-13 21:00:00+00:00,1.6622,0.0048,99.9th,8518962
2024-03-10 05:00:00+00:00,1.5239,0.0021999999999999,99.9th,8518962
2024-03-10 06:00:00+00:00,1.5898,0.0014,99.9th,8518962
2024-03-10 07:00:00+00:00,1.4717,0.0036999999999999,99.9th,8518962
2024-03-10 17:00:00+00:00,1.5548,0.0013,99.9th,8518962
2024-03-10 18:00:00+00:00,1.5436,0.0018,99.9th,8518962
2024-04-12 08:00:00+00:00,1.4104,0.0021999999999999,99.9th,8518962
2024-04-12 09:00:00+00:00,1.4553,0.002,99.9th,8518962
2022-12-23 17:00:00+00:00,1.8579,0.002,99.99th,8518962
2024-01-13 19:00:00+00:00,1.852,0.0023,99.99th,8518962
2024-01-13 20:00:00+00:00,1.8778,0.003,99.99th,8518962
2021-05-29 02:00:00+00:00,1.5451,0.0145999999999999,99.9th,8531680
2021-05-29 03:00:00+00:00,1.523,0.0124,99.9th,8531680
2022-01-02 11:00:00+00:00,1.4814,0.0092,99.9th,8531680
2022-01-02 12:00:00+00:00,1.5069,0.0072,99.9th,8531680
2022-04-19 02:00:00+00:00,1.4941,0.0131,99.9th,8531680
2022-12-23 10:00:00+00:00,1.6065,0.0180999999999999,99.9th,8531680
2022-12-23 11:00:00+00:00,1.875,0.0172,99.9th,8531680
2022-12-23 12:00:00+00:00,1.8831,0.0209999999999999,99.9th,8531680
2022-12-23 13:00:00+00:00,1.5687,0.0258,99.9th,8531680
2023-01-23 13:00:00+00:00,1.4509,0.0092,99.9th,8531680
2023-01-23 14:00:00+00:00,1.4532,0.0096,99.9th,8531680
2023-06-04 00:00:00+00:00,1.5013,0.0086,99.9th,8531680
2023-10-30 13:00:00+00:00,1.4685,0.006,99.9th,8531680
2023-11-22 07:00:00+00:00,1.4483,0.0198,99.9th,8531680
2023-12-18 16:00:00+00:00,1.4615,0.0289,99.9th,8531680
2023-12-18 17:00:00+00:00,1.4488,0.0295,99.9th,8531680
2024-01-10 11:00:00+00:00,1.5487,0.0253,99.9th,8531680
2024-01-10 12:00:00+00:00,1.5784,0.0277,99.9th,8531680
2024-01-13 13:00:00+00:00,1.5853,0.0162,99.9th,8531680
2024-01-13 14:00:00+00:00,1.7793,0.0153,99.9th,8531680
2024-01-13 15:00:00+00:00,1.704,0.0167,99.9th,8531680
2024-02-13 15:00:00+00:00,1.4605,0.0121999999999999,99.9th,8531680
2024-03-10 00:00:00+00:00,1.5795,0.0145999999999999,99.9th,8531680
2024-03-10 01:00:00+00:00,1.5199,0.0145999999999999,99.9th,8531680
2024-03-10 12:00:00+00:00,1.5642,0.0138,99.9th,8531680
2024-04-04 06:00:00+00:00,1.4781,0.0236,99.9th,8531680
2024-04-04 07:00:00+00:00,1.543,0.0237999999999999,99.9th,8531680
2024-09-20 13:00:00+00:00,1.4734,0.0084,99.9th,8531680
2024-09-20 14:00:00+00:00,1.5355,0.0060999999999999,99.9th,8531680
2024-09-21 14:00:00+00:00,1.4729,0.0108,99.9th,8531680
2024-09-21 15:00:00+00:00,1.5164,0.0072999999999999,99.9th,8531680
2024-09-22 15:00:00+00:00,1.4597,0.0126,99.9th,8531680
2024-10-18 13:00:00+00:00,1.4491,0.0133,99.9th,8531680
2022-12-23 11:00:00+00:00,1.875,0.0172,99.99th,8531680
2022-12-23 12:00:00+00:00,1.8831,0.0209999999999999,99.99th,8531680
2024-01-13 14:00:00+00:00,1.7793,0.0153,99.99th,8531680
2024-01-13 15:00:00+00:00,1.704,0.0167,99.99th,8531680
